ClusterID,ArtisanID,ArtefactID,Artefact Name,Artefact Type,Artefact Size,Description,Dimensions,Artefact Material,Artefact Weight,Artefact price,ArtefactLink 
JD-BH,JD-BH-01,JD-BH-01-001,Square Sagwan box,Box,3D,"Fine jewellery box created from a mixture of natural Sagwan (Teak) wood and bone-inlay. A rich brown color with elaborate geometric patterns adorns the flat detachable lid. Handcrafted to store precious collectibles, the wooden surface renders a smooth touch. Coated with off-white and black lacquer, the box has a glossy finish to it. This gorgeously designed box can be used as a jewellery/storage box or simply a lovely piece to ornate your space.",4 X 4,"Wood, Bone",0.50,"1,880",
JD-BH,JD-BH-01,JD-BH-01-002,Semi-circular Sagwan Box ,Box,3D,A traditional design handcrafted in a rich brown finish. The semi circle shape of the box gives it a striking appearance. A stylish and elegant accessory for jewellery and trinkets or any valuable items. Etched floral patterns on the sides make it a decorative piece of art.,6 X 4,"Wood, Bone",0.50,"1,660",
JD-BH,JD-BH-01,JD-BH-01-003,Bone Carving Box,Box,3D,Monochrome tiled bone inlay decorative box. Classic geometrical design with a multiple storage use. The base is wood and chips of hand crafted bone are carefully cut into delicate shapes and affixed in geometrical patterns. The box is finally waxed and polished to bring out the detailed textures and beauty of the inlay work.,5 X 4,"Wood, Bone",0.60,"2,250",
JD-BH,JD-BH-01,JD-BH-01-004,Antique Box,Box,3D,Floral bone inlay box. This piece has multiple uses for storage of jewellery or an art piece. Combination of wood an bone in a classical style where delicately carves pieces of bone have been individually inlaid onto a wooden frame. A perfect table top decor and can be used as a gift or a jewellery box. ,4 X 4,"Wood, Bone",0.60,"1,950",
JD-BH,JD-BH-01,JD-BH-01-006,Sagwan Gift Box,Box,3D,"This intricately carved multipurpose box can be your next Diwali gift to your loved ones. Fill it with dry fruits or place your favourite jewels, this is a perfectly sized box that is your memory treasure. ",5 X 4,"Wood, Bone",0.30,"1,750",
JD-BH,JD-BH-01,JD-BH-01-011,Bone Inlay Cross Floral,Cross,3D,Handcrafted floral bone inlay crucifix. Intricately crafted by the artisans of Jodhpur. Each piece bone is  carved by hand and inlaid with precision onto the wooden frame and layers of coloured resin has been delicately used to fill and secure the spaces.,14 X 9.5,"Wood, Bone, Resin, MDF",0.70,"1,500",
JD-BH,JD-BH-01,JD-BH-01-013,Antique Cross ,Cross,3D,"Handcrafted bone inlaid cruciix made by the bone and horn artisans of Jodhpur. This statement piece lends an antique touch to homes and also makes for an unqiue gifting item. It uses the rather newer technique of resin and MDF along with the older raw materials, becoming a display of collective worksmanship and its evolution. ",15 X 10,"Wood, Bone, Resin, MDF",0.70,"2,500",
JD-BH,JD-BH-01,JD-BH-01-015,Pyramid Art Floral,Pyramid,3D,"Handcrafted Pyramid by artisans in Jodhpur, multi color with resin art and Hand painted.Beautifully and uniquely designed antique and item . This eye catching and sophisticated work of art has been made by our master craftsmen artfully hand carving each piece of bone and laying it meticulously onto the wood with glue, hand dying the composite material that makes the striking colours, which contrast so beautifully to the bone inlay, finishing the piece so that the natural inlay is clear and untarnished.",,"Wood, Bone, Resin, MDF",0.60,"3,000",
JD-BH,JD-BH-01,JD-BH-01-017,Serving Tray,Tray,3D,"A blend of new and old techniques this bone on wood serving tray, also uses resin and MDF for furbishing. A touch of classic in your kitchen, this product is a must have for all antique lovers! It is also available in multiple sizes, to suit your needs. ",20 X 12,"Wood, Bone, Resin, MDF",2.50,"8,000",
JD-BH,JD-BH-01,JD-BH-01-019,Mughal Jali Serving Tray,Tray,3D,"Who doesn't like a little hint of royalty. From the land of royalty itself, this Mughal Jali work inspired serving tray has enough space to hold all your delectables for you and your guests. And what better that the composite and contrasting patterns are a sight for sore eyes!",12 X 8,"Wood, Bone, Resin, MDF",2.00,"3,200",
JD-BH,JD-BH-01,JD-BH-01-020,Floral Photo Frame ,Frame,3D,"Artistically carved with bone on wood, resin and MDF placed into intricate motifs, enhancing the look of a photo frame. A precious framing for your precious memories, this product adds a rustic feel to any wall or console table. ",12 X 15,"Wood, Bone, Resin, MDF",3.00,"2,000",
JD-BH,JD-BH-01,JD-BH-01-023,Floral Photo Frame ,Frame,3D,"Every precious memory deserves a precious frame. This floral inlaid bone on wood worked frame is a perfect addition to your photo wall, adding a tinch of old-school classic. A unique and antique inlay work from Jodhpur, this piece radiates creativity and sustanaibility. ",12 X 10,"Wood, Bone, Resin, MDF",1.50,"2,000",
JD-BH,JD-BH-01,JD-BH-01-024,Table Top,Top,3D,"Multicoloured table top that can become the next centre of attraction in your living room! With geometric embossing with resin and bone work, this top is durable and heat resistant. Nevertheless, it awaits some coffee spills!",12 X 12,"Wood, Bone, Resin, MDF",1.00,"1,600",
JD-BH,JD-BH-01,JD-BH-01-025,Circular Table Coasters ,Coaster,3D,"Add a touch of antique classic to your dining table using these bone and wood coasters. The MDF and resin coating provide a lustrous finish to the product and make it suitable for all hot and cold placings. Perfectly complementing the texture of glass, these coasters make for great party accessories. ",4 X 4,"Wood, Bone, Resin, MDF",0.60,"1,100",
JD-BH,JD-BH-01,JD-BH-01-027,Antique Bangle Box,Box,3D,Always searching for your favourite bracelet when in hurry? This bangle box is here to resolve your woes and also add a complementing classic touch to your dresser. Double it up as a jewellery box for a one-stop solution for all your dressing needs. ,7.5 X 4,"Wood, Bone, Resin, MDF",1.00,"27,000",
JD-BH,JD-BH-01,JD-BH-01-029,Antique Ornament Box,Box,3D,"This monochromatic bone and wood ornament box is a multipurpose case for your dresser. A fit for all your precious jewels and family heirlooms, this box comes with a resin and MDF coating perfectly complementing the shine and lustre of your ornaments. ",3 X 3.5,"Wood, Bone, Resin, MDF",4.00,"9,000",
JD-BH,JD-BH-01,JD-BH-01-031,Taj Mahal,Monument,3D,"India's pride Taj Mahal modeled intricately in bone and horn. This exclusively refined piece of art perfectly captures the magnanimity of this UNESCO World Heritage Site with its engraved arches, domes and minarets. With a perfect symmetry, this baby Taj is as enamouring as the original, if not more. ",20 X 20,"Wood, Bone, MDF, Resin",22.00,"1,000,000",
JD-BH,JD-BH-01,JD-BH-01-005,Hand painted Box,Box,2D,"A simplistic handpainted box to serve all your multipurpose needs. Made of wood, inlaid with bone, the box is a true representative of modest art. With elements of modernity brought into a medieval craft and ancinet technique, makes the simple looking box an unique keep. It also offers a plenty of storage space and can also be used as a home decor. ",6 X 5,"Wood, Bone",0.30,"1,050",
JD-BH,JD-BH-01,JD-BH-01-007,Ambuish Box,Box,2D,"Featuring elegantly carved flowery patterns, this unique ornate piece is the absolute style statement that doubles as essential storage and design accent. Made from ethically sourced bone, the pattern is perfectly etched on the surface, along with the sides, against a background of natural teak wood inset into the box.",7.5 X 4,"Wood, Bone",0.70,"2,500",
JD-BH,JD-BH-01,JD-BH-01-008,Storage Box,Box,2D,"Inlaid with bone tile, this expertly crafted box makes a geometric addition to a desk, vanity or tabletop. Use it to hold jewellery, office accessories or favorite small mementos. Filled with white and black lacquer, the high gloss finish of the surface gives an elegant appeal. A pattern of contrasting triangles emit a 3D effect.",9 X 5,"Wood, Bone, Resin",0.85,"3,000",
JD-BH,JD-BH-01,JD-BH-01-009,Jewellery Box,Box,2D,"A keeper of your love and legacy, that holds all your grandmother's heirlooms and your favourite set of bracelets, this jewellery box opens a panorama of storage options. Each stroke of the geometric motif is individually hand-carved out of natural bone and inlaid into the wood. Glossed with a high-quality resin, the box is sure to add to the visual appeal of your home d√©cor.",10 X 7,"Wood, Bone, Resin",1.00,"4,200",
JD-BH,JD-BH-01,JD-BH-01-010,Bone Inlay Cross,Cross,2D,"Handcrafted geometric bone inlay crucifix that has been handcrafted by the bone and horn artisans of Jodhpur. The inlay work enables to create a simplistic yet elegant colour combination and texturing. It can be used as piece of home decor or a gift item, given its uniqueness. ",9 X 5.5,"Wood, Bone, Resin, MDF",0.20,700,
JD-BH,JD-BH-01,JD-BH-01-012,Udaipuri Design Cross,Cross,2D,"A bone inlaid on wood crucifix that is also a representation of the unique craftsmanship of rajasthan. The contrasting white and blue make the artefact pop and are best suited to complement any wall type. This intricately handcrafted piece is a testimonial to the famous blue pottery of Jodhpur, and is a keepsake for all those who love to collect souvenirs. ",14 X 9.5,"Wood, Bone, Resin, MDF",0.70,"1,500",
JD-BH,JD-BH-01,JD-BH-01-014,Pyramid Art,Pyramid,2D,"A unique gfiting piece or home decor item exculsively designed and handcrafted by the bone and horn artisans of Jodhpur. The geometric patterns and bone inlay work has been used to produced something new and interesting, a true representation of the innovation in the artform. The colours of the artefact lend an earthy and antique feel to the art.",,"Wood, Bone, Resin, MDF",0.60,"3,000",
JD-BH,JD-BH-01,JD-BH-01-016,Floral Serving Tray,Tray,2D,"This bone inlaid serving tray is definitely a showstopper. With floral patterns that have been intricately carved motifs in resin and MDF, this tray blends the old and new techniques of the bone and horn industry. It adds a tinch of antiqueness and Indian ethnic design. A simple yet unique piece for your home, that can also become your gift to your loved ones next festive season. ",16 X 16,"Wood, Bone, Resin, MDF",2.50,"6,000",
JD-BH,JD-BH-01,JD-BH-01-018,Sagwan Serving Tray,Tray,2D,"Straight from the workshops of Jodhpur, this true Sagwan wood geometrically laid serving tray is an exquisite addition to your kitchen. Multipurpose it as a tray to hold your vases and candles, to create the perfect cottage core aesthetic. ",14 X 10,"Wood, Bone, Resin, MDF",2.00,"4,500",
JD-BH,JD-BH-01,JD-BH-01-021,Mughal Jali Photo Frame,Frame,2D,"Taking you back to the medieval times, the jali photo frame is here to keep your memories intact. With a fashionable aesthetic and traditional look, the frame can be kept as a showcase in the living room or bed-side table to add a pop of colour and also a tinch of handwork detailing. ",12 X 10,"Wood, Bone, Resin, MDF",1.50,"2,000",
JD-BH,JD-BH-01,JD-BH-01-022,Bone Carving Photo Frame ,Frame,2D,"This handcrafted piece in bone and horn by the artisans of Jodhpur is a unforgettable statement piece for your home and a unique gifting solution. Inlay work that defines craftsmanship, and a product that is universal in nature, the frame can elevate your wall or console setting. ",12 X 10,"Wood, Bone, Resin, MDF",1.50,"2,700",
JD-BH,JD-BH-01,JD-BH-01-026,Square Table Coasters ,Coaster,2D,"Worried about stains on your beautiful centre table whenever guests arrive? Fret no more. These square coasters are appealing enough to be used, and sustainable enough to last longer than your table itself. Handcrafted by the bone and horn artisans of Jodhpur, with a blend of wood and bone, they are perfect table setting accessories. ",4 X 4,"Wood, Bone, Resin, MDF",0.60,"1,100",
JD-BH,JD-BH-01,JD-BH-01-028,Antique Jewellery Box,Box,2D,"Find your ornament's best friend here! Ample storage space to put all your heirlooms with an antique look, this is the perfect compliment to your dresser. This handcrafted piece by the bone and horn artisans of Jodhpur can also be used as a storage box for multipurpose objects. ",9 X 7,"Wood, Bone, Resin, MDF",1.50,"18,000",
JD-BH,JD-BH-01,JD-BH-01-030,Hunter Box,Box,2D,"This exclusive piece is a multipurpose geometric box, with bone work inlaid on wood. Aesthetically pleasing and functional, this box adds perfectly to any Indian ethnical inspired decor. ",6 X 4,"Wood, Bone, Resin, MDF",4.00,"2,500",
JD-BH,JD-BH-01,JD-BH-01-033,Antique Toy Bus,Bus,2D,"In the world of sustainable toys, this is the perfect find for your child. Safe, made of naturally upcycled raw materials, this bone toy bus is a must need. It comes with an additional antique look that can also make it an unique home decor. ",8 X 3,Bone,0.50,,
JD-BH,JD-BH-02,JD-BH-02-026,Elephant Statue,Statue,3D,A finely crafted bone and horn elephant statute speaks of the classical Rajputana style. The interior frame is made of wood whilst an amalgamation of bone & horn is inlaid into the frame. The statute is a testimony of true craftsmanship.                    ,12 X 12,"Bone, Wood",10.00,"13,000",
JD-BH,JD-BH-02,JD-BH-02-027,Bone Stool,Stool,3D,"A drum? A wine glass? This multipurpose stool, with bone work inlaid in wood is carefully curated with love and exceptional craftsmanship. Let it be the eyecatcher in your sitting room, or use it alongside your dresser, this masterpiece is sure to steal glances. ",12 X 12,"Bone, Wood",7.00,"5,000",
JD-BH,JD-BH-02,JD-BH-02-028,Bone Stick,Stick,3D,Elegant and functional walking stick handcrafted in high quality wood and decorated with bone inlay work by craftsman from Jodhpur. The bone surface has been painted in floral patterns in the miniature painting style that remind you of the land of sand dunes. ,30 X 2,"Bone, Wood",1.00,"1,500",
JD-BH,JD-BH-02,JD-BH-02-029,3D Pattern ,Pattern,3D,"This 3D design made on wood with bone work is a sample that can be used as a design in any furniture you want. revamp your old almirah or bed side table, or even create a statement piece by putting this on your centre table, the pattern is sure to enhance any old furniture. ",3 X 3.5,"Bone, Wood",,,
JD-BH,JD-BH-02,JD-BH-02-030,Dumro Stool Blue,Table,3D,"This uniquely shaped stool inspired by Shiva's drum "" Dumroo"" has been made with bone inlay work and blue resin. The individual pieces of bone are hand carved and embeded onto the wooden frame to create an intricate geometric pattern. The blue resin is prepared and poured between the bone pieces to create a contrast resulting in a striking piece of furniture.",15 X 15,"Bone, Wood",15.00,"9,000",
JD-BH,JD-BH-02,JD-BH-02-032,Seven drawers Bed-side table,Drawer,3D,This statement piece is here to befriend your bed and elevate your bedroom space. Bone inlay and wood chest of drawers in floral patterns has been meticulously handcrafted by our skilled craftsman from Jodhpur. This floral chest 7- drawer has multi-purpose use and can be placed at your bedside or living space.,17 X 12,"Bone, Wood",22.00,"7,000",
JD-BH,JD-BH-02,JD-BH-02-035,Square Dye-Bone Box ,Box,3D,"Any candies to hide from siblings or a storage as beautiful as your favourite pearl earrings? This unique blue dyed bone inlaid multipurpose box is here to store all your knick-knacks. With a perfectly sized compartment, it is a solution to your drawer worries. ",8 X 8,"Bone, Wood",1.50,700,
JD-BH,JD-BH-02,JD-BH-02-036,Photo Frame ,Frame,3D,An ornament for all your memories! Inlaid floral patterns perefctky curated with upcycled bone make for the perfect aesthetic centrepiece. Indeed a beautiful complement for your smiling photographs. ,8.5 X 10.5,"Bone, Wood",1.50,600,
JD-BH,JD-BH-02,JD-BH-02-037,Bed Side Drawer,Drawer,3D,Beautiful and intricate floral motifs on your bedside that will bring a slice of nature to your bedroom. This piece cuarted of wood and bone can complement a simple bed design and make for a great statement wall. ,16 X 12,"Bone, Wood",20.00,"9,500",
JD-BH,JD-BH-02,JD-BH-02-043,Lazy Susan Table Top,Top,3D,"A clean, finesse look for tables that can be used as a circular base, mainly for commercial purpose or in the hotels where it has been used as a base for anything. With a wooden finish and bone work, the uniqueness of the product lies in its subtlity. ",16 X 16,"Bone, Wood",9.00,"3,500",
JD-BH,JD-BH-02,JD-BH-02-045,Table Lamp Stand,Stand,3D,"This octagonal table lamp set is curated with floral motifs is here to enhance the look of any basic light lamp. You can keep it on your bedside or use it on your console table, it is sure to catch all eyes. An aesthetic compliment to the brightness of the lamp, this table stand is accurately sized to fit in all spaces and enhance their charm. ",9 X 9,"Bone, Wood",4.00,"1,800",
JD-BH,JD-BH-02,JD-BH-02-047,Two Drawer bed side ,Drawer,3D,Bored of those ugly looking side tables? Here your search ends. A side table as magnifique as this is surely going to make your bedroom look like a royal suite. This monochromatic bone inlay two-drawer side table is a sizeable statement piece you definitely want to add to your furniture collection. ,16 X 12,"Bone, Wood",20.00,"9,500",
JD-BH,JD-BH-02,JD-BH-02-048,Mirror Frame ,Frame,3D,"A floral addition to your wall! This bone worked on wood frame can be added to bland mirrors, and are perfect for creating a space that exudes royalty. Its geometric patterns and finesse defines it.  ",18 X 22,"Bone, Wood",15.00,"6,500",
JD-BH,JD-BH-02,JD-BH-02-049,Tringular Design Catalogue ,Design,3D,"Designed in beautiful complementing colours and geomtric triangular patterns, this pattern can be used in any product of your choice. Elevate your mirrors, furniture or even your bland boxes with this touch of antique and classic. ",,"Bone, Wood",,,
JD-BH,JD-BH-02,JD-BH-02-004,Three Drawer Bed-Side,Drawer,2D,"With ample space for all your bed-side needs, this drawer set is a perfect accompliment to your bed. You can store everything from your nightcare routine to your journals, this is an elegant fit. A must have for your bedroom, it is sure to elevate the space that you put it in. ",16 X 18,"MoP, Wood",25.00,"15,000",
JD-BH,JD-BH-02,JD-BH-02-031,Coffee Table ,Table,2D,"Coffee lovers assemble! Your go-to companion for your morning coffee is here. The perfectly sized table that can elevate the look of your living room, or add aesthetics to your balcony. The cottage core aesthetic will be on point with this table in your home. ",24 X 24,"Bone, Wood",20.00,"12,000",
JD-BH,JD-BH-02,JD-BH-02-033,Chess board table ,Table,2D,"This uniquely handcrafted chess board table is a statement piece for any home. All chess enthusiasts can optimize this table, while home decorators find a fascinating design and centre piece for the living room. Either which way it is a beautiful piece to add to your life. ",24 X 24,"Bone, Wood",20.00,"14,000",
JD-BH,JD-BH-02,JD-BH-02-034,Table top ,Top,2D,"This table top that can be added to your old furniture, can elevate the look of your existing table in minutes. The pattern is exclusively crafted by the bone and horn artisans of Jodhpur, making it a statement piece and a must-want home decor piece. ",24 X 24,"Bone, Wood",20.00,"4,500",
JD-BH,JD-BH-02,JD-BH-02-038,Jewellery Box ,Box,2D,"If symmetry and geometry is your aesthetic, this is the perfect showcase piece for you! A handcrafted jewellery box with bone inlaid on wood in simple triangular jigsaw pieces, this elegant craftsmanship is a symbol of purity. Use it as a console showcase or solve your organizing problems, this box serves all.",10 X 8,"Bone, Wood",2.00,"3,500",
JD-BH,JD-BH-02,JD-BH-02-039,Dye bone Serving Tray ,Tray,2D,"A perfect cottage core addition to your aesthetical corner, this serving tray too pretty to spill coffee on! With geometric inlay patterns on its smooth edges, this tray comes in a optimum size to serve all your guest needs. With intricate bone inlay work, this piece is exquisite craftsmanship on display. ",16 X 12,"Bone, Wood",8.00,"1,100",
JD-BH,JD-BH-02,JD-BH-02-040,One Drawer Bed-side ,Drawer,2D,Imagine waking up beside an illusion of the Taj! This blue inlaid bone work bed-side drawer's floral morifs are sure to remind you of the magnificience and beauty of the pietra dura of the monument of love. Perfectly sized to keep your precious items and all your night care essentials. ,18 X 12,"Bone, Wood",15.00,"7,500",
JD-BH,JD-BH-02,JD-BH-02-041,Wooden Coffee Table ,Table,2D,"A handcrafted geometric table top, inlaid with triangular bone pieces. Count the number of bone pieces on the table on a boring coffee date, or spill some tea, this table will be the perfect companion for you and your home. ",,"Bone, Wood",,,
JD-BH,JD-BH-02,JD-BH-02-042,Dye-Bone rectangular  Box Set,Box,2D,"Say yes to blues! Inspired by the colours of lapiz lazuli and floral motifs, this multipurpose box is a companion for all your storage needs. It fits in any drawer and brightens your dull room, it brings a little sky to your home.",11 X 5,"Bone, Wood",3.00,"1,200",
JD-BH,JD-BH-02,JD-BH-02-044,Table Coaster ,Coaster,2D,"Your cup's best friend is here! A coaster that is beautiful, easy to wash, and if stained wouldn't even mind. This exclusive inlay work with bone on wood is the perfect complimentary to your wooden aesthetics. ",,"Bone, Wood",,,
JD-BH,JD-BH-03,JD-BH-03-007,Ambassador Car,Car,3D,"Car collectors assemble! This ambassador car minitaure, prisitine white, made on pure wood is a statement you want in your collection. Nevertheless, this classic antique piece is a road trip memory lane, sure to fill your home with nostalgia and elegance. ",12 X 4,Bone,3.00,"70,000",
JD-BH,JD-BH-03,JD-BH-03-008, Chinese Chess,Chess,3D,"Not a player? Well, you could be a displayer! This vintage Chinese rare pieces of chess are finely carved bone pieces, hand crafted by master craftsman of Jodhpur. An exclusive set made of pure bone, curated with utmost symmetry is a masterpiece to behold. ",2.5 X 1.5,Bone,10.00,"90,000",
JD-BH,JD-BH-03,JD-BH-03-017,Bone Sofa Set,Sofa,3D,"A masterpiece in your home! This pure bone sofa set, makes for the complete home decor set. The pristine white of the bone and intricate carvings transport you to the medieval times and structures. ",7 X 2.5,Bone,0.90,,
JD-BH,JD-BH-03,JD-BH-03-020,Jali Work Box,Box,3D,"A multipurpose box with intricate undercut jali work created by master craftsman from Jodhpur. Inspired from Indo-Sarcenic architectural patterns and motifs, each of these piece takes 8 weeks to create. The intricately carved lattice requires skill and patience to achieve the dazzling uniform look.",6 X 4,Bone,0.35,,
JD-BH,JD-BH-03,JD-BH-03-022,Bone wood Box ,Box,3D,"This miniature wood box with bone inlay work is multipurpose and can be customized according to your need and liking. Available in multiple patterns and colours, it can act as a storage box or double up as a decorative piece, as per your wish. ",3 X 3,"Bone, Wood",0.10,,
JD-BH,JD-BH-03,JD-BH-03-025,Camel Toy Miniature,Toy,3D,"A sustainable alternative for plastic toys, this vintage camel miniature toy made of pure camel bone is done by National awardwinning master craftsman. This artefact is completely handmade and is a fine expample of carving and miniature painting by the artisans of Jodhpur.",8 X 3,"Bone, Wood",1.80,,
JD-BH,JD-BH-03,JD-BH-03-026,Ambavadi Miniature,Toy,3D,"A tinch of royalty at your home! This Rajput signature elephant carrier is one of the most exquisite pieces of bone work. Painted with miniature folklores and natural motifs,this piece is a statement for any home decor. ",8 X 3.5,"Bone, Wood",5.00,,
JD-BH,JD-BH-03,JD-BH-03-027,Vintage Car Miniature,Toy,3D,"For all vintage car lovers, here is a perfect gift made of pure bone and exquisite carving. This miniature model is an antique collectors delight. Creeated in more than 20 days, this is a perfect example of a craftsman creativity. ",6.5 X 2.5,Bone,0.30,,
JD-BH,JD-BH-03,JD-BH-03-029,Women Instrumentalists set,Women,3D,Handcrafted Jodhpuri traditional music group of 6 women made by the Rashtrapati awardwinning master craftsman. On showcase are different indigenous instruments played by folk artisans curated in pure bone that are sure to add a hint of uniqueness to your home decor. ,8 X 2,"Bone, Wood",0.70,,
JD-BH,JD-BH-03,JD-BH-03-030,Horse Rider ,Horse,3D,"A little battlefield in your home! A symbol of royal Marwar tradition handcrafted in pure bone is a craftsmanship genius. As delicate as it can be, this statement piece is a genuine work of artistic creativity. ",9 X 2,"Bone, Wood",4.00,,
JD-BH,JD-BH-03,JD-BH-03-031,Boat Tusk,Boat,3D,"An exclusive piece that exudes Rajput glory and military history, this set of 25 items is a masterpice of art that depicts hunting in past times. Curated for a museum keep, this piece is the epitome of an artisan's craftsmanship. ",30 X 2,"Bone, Wood",4.00,"120,000",
JD-BH,JD-BH-03,JD-BH-03-032,Steam Engine,Engine,3D,This handcrafted piece in Jodhpur is done by a national award winning mastercraftsman. Each of these individual pieces of bone have been shaped and carved by hand to make this steam engine which has moving parts. Innovation and creativity are surely put on display in this one single piece. ,48 X 3.5,"Bone, Wood",10.00,"20,000",
JD-BH,JD-BH-03,JD-BH-03-033,Bone Bike,Bike,3D,"A toy that also doubles up as a home decor pice, this intrcately carved pure bone bike is a beautiful touch of classic to your homes. It is also a delight for any child, and for parents looking for sustainable toy options for their kids. ",12 X 3,Bone,1.50,"5,500",
JD-BH,JD-BH-03,JD-BH-03-034,Opium Box,Box,3D,"Anciently used as a opium box, this multipurpose box is a piece of art curated in almost a months time. Made of pure bone, this is the perfect storage space for all your knick-knacks and petty items that are used to get lost. ",4 X 4,Bone,0.20,"1,200",
JD-BH,JD-BH-03,JD-BH-03-035,Mirror Frame ,Frame,3D,"Feel like absolute royalty, and this mirror surely doesn't lie! With a carved floral frame so beautiful, you would hardly look at yourself though. Made of intricate bone work, multi-coloured and engarved with semi- precious stones, this piece is for the keeps. ",14 X 10,"Bone, Wood, Glass",1.50,"1,800",
JD-BH,JD-BH-03,JD-BH-03-036,Bone Necklace,Necklace ,3D,"Threaded in pure bone, statement jewellery pieces for all ocassions. With multiple patterns and motifs, and intertwined coloured beads, they represent intricacy at their best. And no piece is too small to get unnoticed. ",,Bone,0.10,500,
JD-BH,JD-BH-03,JD-BH-03-005,Center Table,Table,2D,"This exclusive product is a gem of a piece! An antique gaming console that is handcrafted by an award winning bone and horn artisan from Jodhpur, the centre table serves more purposes than you can imagine. The epitome of craftsmanship, this product is a custom made statement piece. ",54 X 34,"Bone, Wood",100.00,"500,000",
JD-BH,JD-BH-03,JD-BH-03-012,Kachori Box,Kachori,2D,"A remanant of the colonial times here is a set of 3 opium boxes. They are uniquely shaped like discs, multipurpose in nature, and have a innate attractive quality. Use them as showcases on your console table or store your knick-knacks, these storage frisbees are a value addition for sure. ",4 X 4,Bone,0.10,,
JD-BH,JD-BH-03,JD-BH-03-013,Vintage Car,Toy,2D,"Inspired by the vintage classics of the early modern times, this model car can be your home's very own model! Crafted using pure bone, in more than 45 days, this is an antique you don't want to miss. Add a hint of classic to your home and up your decor game. ",12 X 3,Bone,2.50,,
JD-BH,JD-BH-03,JD-BH-03-014,Ambavdi ,Toy,2D,"Feel like royalty, by the house of royals! With traditional craftsmanship at its best, this statement piece is here to elevate your home decor. Curated in pure bone, ideal crafting and intricate designing lends to the beauty of this piece. ",6 X 3,"Bone, Wood",3.50,,
JD-BH,JD-BH-03,JD-BH-03-015,Train ,Toy,2D,"A statement piece for all households, this handcrafted model train is a work of pure bone. A mark of master craftsmanship and artistic creativity, the sample resonates beauty and exquisite exhuberence. Of all places dreamy and prisitine, this train is surely taking you places!",30 X 3,"Bone, Wood",6.00,,
JD-BH,JD-BH-03,JD-BH-03-016,Train Engine,Toy,2D,"Fine carving and detailing at its best! Inspired from the coal engines of early modern times, this train engine replica miniature is a craftsman quality work. Made of pure bone in a span of 45 days, this exclusive piece is a sight to behold for your home. ",9 X 3,"Bone, Wood",2.50,,
JD-BH,JD-BH-03,JD-BH-03-028,Vintage Car Miniature,Toy,2D,"Inspired by the vintage classics of the early modern times, this model car can be your home's very own model! Crafted using pure bone, in more than 20 days, this is an antique you don't want to miss. Add a hint of classic to your home and up your decor game. ",5 X 2,Bone,0.25,,
JD-BH,JD-BH-04,JD-BH-04-001,Flower Vase ,Vase,3D,"A flower vase handmade by the bone craftsmen of Jodhpur. A reflection of Rajasthani folkers and miniature painting art, the vase is crafted with each piece of bone carved and inlaid onto a wooden base by hand. The miniature painting is done by artists on the surface of the vase, which is then finished with high gloss lacquer for maximum lustre.",12 X 5,"Wood, Bone",0.75,"3,200",
JD-BH,JD-BH-04,JD-BH-04-004,Glass ,Glass,3D,"Time to let go your usual crockery gifts, choose these exclusive handcrafted glass sets, made of pure bone. Glossy finish with gold lacquer work, and floral motifs on plain white surface, make for unique additions to yours and your loved ones kitchen. ",4 X 3,Bone,0.50,"1,800",
JD-BH,JD-BH-04,JD-BH-04-005,Farmaan ,Letter Box,3D,"Bored of the usual Google folders? Elevate your folder game, using this medieval document folder. This antique Farmaan, handcrafted with bone inlay work on wood and lacquered with high gloss for maximum lustre is an unique storage method. ",11 X 2,Bone,400.00,"3,000",
JD-BH,JD-BH-04,JD-BH-04-006,Bracelet,Bracelet,3D,"Bone layered and engarved with brass and otehr precious stones, this bracelet is a complement to your ethnic look. Want to couple it with any traditional outfit or create a bohot chic look, this is the perfect accessory!  With unusual floral and abstract miniature motifs, the bracelet adds the right amount of pop of colour. ",,"Bone, Brass, Stone",0.10,750,
JD-BH,JD-BH-04,JD-BH-04-007,Jewellery Box,Box,3D,"A pure bone jewellery box as precious as your jewels inside it! Influenced by Rajasthani minitaure paintings, that have been handpainted on the surface of this box, this is a true symbol of Rajasthan's royalty. A beautiful addition to your dresser, can be also used as a gifting item, it is a exclusive piece of Jodhpur's craftsmanship. ",10 X 5.5,Bone,0.45,"8,500",
JD-BH,JD-BH-04,JD-BH-04-008,Lotha ,Box,3D,"Embossed with miniature paintings inspired from the Rajasthan and Mughal miniature school of art, this keep for smaller items is the home decor you have been looking for. Elegant and regal, this piece adds the royal touch your home deserves. ",3 X 3,"Wood, Bone",0.20,750,
JD-BH,JD-BH-04,JD-BH-04-009,Tortoise ,Misc,3D,A good luck charm that looks more than good! This handcrafted tortoise miniature is made of brass and mother of pearl to complement the carvings on it. ,4.5 X 2.5,"MoP, Brass",0.10,700,
JD-BH,JD-BH-04,JD-BH-04-010,Bone Bag,Bag,3D,"Carry yourself in style with this stylish bag! An amazing conversation starter in any party, this bone on aluminium bag is sure to elevate a simple look. With ample space and natural longetivity, this is a bag that is going to make to your heirloom set. ",6 X 5,"Bone, Aluminum",0.20,"1,250",
JD-BH,JD-BH-04,JD-BH-04-011,Thewe-Drawer Showpiece,Drawer ,3D,"A showpiece that can be doubled as an utility drawer cabinet, suited for your bed-side or a smaller version that fits on any console table or acts as a jewellery box, or even an addition in your kitchen. This multi-suited nuanced work drawer set is an abstractly conceptualized and curated piece of art. ",5 X 3,Bone,0.80,"6,500",
JD-BH,JD-BH-04,JD-BH-04-012,Two set of Chowkidar,Showpiece,3D,Vintage style handpainted Jodhupuri Chowkidar set. This set of royal guards is inspired from the Rajputana style and has mughal influences. This has been handpainted in the miniature painting style by artisans of Jodhpur. The costumes and jewellery are a colourful and a beautifully rendered in miniature style of painting.,6 X 2.5,Bone,0.30,"3,000",
JD-BH,JD-BH-04,JD-BH-04-013,Dhola Maru statue,Showpiece,3D,"An accurate representation of the valour and poweress of the royals of Rajasthan, this pure bone scupture serves the purpose of a fancy home decor item as well as gift item. It narrates the epic folk ballad of Dhola and Maru, a delicate melody of passion, personified by the delicate craftsmanship. ",8 X 7,Bone,0.70,"12,000",
JD-BH,JD-BH-04,JD-BH-04-018,Bone Bangle,Bangle,3D,"A multicoloured bone bangle that adds the right amount of pop of color required to elevate any look. Curated over brass as the base material, with fragments of bone carefully mixed and matched in alternate brass fragments, this is a statement piece that complements any outfit. ",,"Brass, Bone",0.10,600,
JD-BH,JD-BH-04,JD-BH-04-020,Pencil Box,Box,3D,"A pencil box that looks too good for your stationary. With miniature paintings and colourful handcrafted bone work, this piece can also be used as a storage box for your small items. Or use it as home decor, and it can elevate any space. ",9 X 2,Bone,0.60,"3,000",
JD-BH,JD-BH-04,JD-BH-04-021,Photo Frame,Frame,3D,"A priceless frame for your priceless memories! A frame that exudes Rajasthan's royal heritage, made of bone bits , with each tile of bone carved and cut by hand and individually inlaid onto the frame. The floral motifs and miniatures of royals on either sides of the frame enhance the exquisiteness of this beautiful piece. ",6.5 X 8.5,"Bone, Wood, Glass",0.60,"2,500",
JD-BH,JD-BH-04,JD-BH-04-022,Small Barni,Barni,3D,"A miniature that comes alive in your living room! This multipurpose small jar, made of wood and bone, with intricate floral designs is a painting in motion. With folklore depictions and embellished with semi-precious jewels of bright hues, the functional jar shall elevate any dull corner. ",9 X 4.5,"Bone, Wood",0.80,"1,550",
JD-BH,JD-BH-04,JD-BH-04-023,Miniature Box,Box,3D,"Painted in miniature style of art inspired from the medieval times, this miniature box is a perfect addition to any drawer space or console table. Handcrafted using mother of pearl and wood, the product stands for creativity, durability and elegant charm.",2.5 X 2.5,"MoP, Wood",0.80,"1,550",
JD-BH,JD-BH-04,JD-BH-04-024,Bone Necklace,Necklace,3D,"Geomterically layered and intricately carved, this neck ornament is a must have to elevate a simple ethnic look. Threaded alongside are multi-shaped pure bone pieces that fit together like a perfect jigsaw. These simplistic yet elegant designs are a sure add-on to your jewellery collection. ",,Bone,0.10,550,
JD-BH,JD-BH-04,JD-BH-04-002,Barni ,Vase,2D,"Your old school storing ways are back! Bring this barni to your homes and refresh your childhood memories spent in your grandma's house. With ample space and functionality, this pretty looking jar is your must have product for your kitchen. ",11 X 5,"Wood, Bone",0.80,"3,200",
JD-BH,JD-BH-04,JD-BH-04-003,Surai ,Lamp,2D,"Fancy antiques? Nothing can beat this! An ancient water storing mechanism, curated in bone, with gold lacquered embellishments, this is a perfect masterpiece to compliment your classic home. Gift it,put it into its original use or use it as a statement home decor, the Surai is meant to add value in every way possible. ",17 X 7,"Wood, Bone",2.50,"4,000",
JD-BH,JD-BH-04,JD-BH-04-014,Cylindrical Box,Box,2D,"A multipurpose storage box, with beautiful cavings using bones on wood, this cylindrical box is a perfect gift item for any ocassion. For your favourite jewels or dry fruits in Diwali, it has enough space for everyone's fancies. The animals engraved on the surface are an added feature, that transports you to the medieval times. ",5 X 4.5,"Bone, Wood",0.80,"3,000",
JD-BH,JD-BH-04,JD-BH-04-015,Ash Tray,Misc,2D,"Your centre table needs are fulfilled here. A small but elegant piece handcrafted by the bone and horn artisans of Jodhpur. Exclusively made in bone and wood, this ash tray can also be a staple for cafe owners. ",5 X 5,"Bone, Wood, Brass",0.25,"1,250",
JD-BH,JD-BH-04,JD-BH-04-016,Mirror Frame,Frame,2D,"For an antique and classic look addition to your console space or dressing corner, this is the perfect mirror that you have been looking for. Intrictately caved with geometrical and floral motifs on the edges and along the mirror, this frame can be a value addition to any simple mirror too. For those who love statement pieces, this one is for you!",14 X 10,"Bone, Wood, Glass",2.00,"15,000",
JD-BH,JD-BH-04,JD-BH-04-017,Elephant Statue ,Elephant,2D,"A life-like elephant statue that adds a royal touch to your home! A mix of wood and bone, with intrictate patterned motifs and ambuish painting on the body of the elephant lined with gems of multiple colours, elevates the pale yellow base. For a handcrafted sculpture, this regal animal, is too true to its nature and is waiting to be found!",13 X 8,"Bone, Wood",2.50,"15,000",
JD-BH,JD-BH-04,JD-BH-04-019,Horse Statue ,Horse,2D,This regal horse statue handcrafted of bone and horn is a reminder of the royal past of the land of sanddunes. Its floral motifs are intricate and beautiful enough to add the classic touch to your homes. You can also gift it as a festive staple and become popular among your friends. ,10 X 3,"Bone, Wood",1.00,"8,500",
JD-BH,JD-BH-06,JD-BH-06-001,Painted elephant ,Elephant,3D,"This exquisite vintage elephant has been hand crafted by the artisans of Jodhpur. Pieces of bone have been hand carved and inlaid on the the base then handpainted with miniature details, creating a animal painted on animal illusion here. The multicolour embellishments and life-like features, add to the exclusiveness of the product. ",18 X 12,"Bone, Wood",20.00,"35,000",
JD-BH,JD-BH-06,JD-BH-06-002,Powder Box,Box,3D,"This multipurpose sizeable box, authentically a powder box, can be replicated for a storage space for all your knick-knacks. Beautifully painted with Rajasthan styled miniature painting, gives this tiny artefact a royal look. ",6 X 6,"Bone, Wood",1.00,"1,250",
JD-BH,JD-BH-06,JD-BH-06-003,Guldasta ,Vase,3D,"This miniature painted vase would bring the forest alive in any home. Bone on wood inlay work and use of earthen, natural colours brings to life the exquisite taste of craftmanship. With fine functional design, the vase can also be doubled up as a beautiful storage jar that adds to the beauty of a space. ",16 X 7,"Bone, Wood",3.00,"4,000",
JD-BH,JD-BH-06,JD-BH-06-004,A pair of Tusk,Tusk,3D,"Stylistic, elegant and true to its purpose. The truest form of bone and horn artisanship, this pair of tusk is an unique gifting solution and an elegant addition to your home decor. Simplistically carved but uniquely curated, this pair is a sight to behold!",15 X 4,"Bone, Wood",2.50,"2,500",
JD-BH,JD-BH-06,JD-BH-06-005,Elephant Bridge,Elephant,3D,"This hand carved elephant figurine bridge has be made by the craftsman of Jodhpur. Set of seven elephants of different sizes to signify a family. The base is crafted with wood and tiles are craved out of bone and inlaid onto the wooden base this is polished to give shine and lusture. This piece symolises family, fortune, power and protection of the home.",20 X 3,"Bone, Wood",2.50,"6,000",
JD-BH,JD-BH-06,JD-BH-06-006,Pencil Box,Box,3D,"A visual representation of the medieval folklores, so beautiful that is sure to rekindle your interest in history. Crafted by the bone artisans of Jodhpur, this stationary box is a little too pretty to not garner attention. With beautiful minitaure paintings painted with mutiple colours, thix box is a perfect gifting item too. ",10 X 3,Bone,1.50,"3,000",
JD-BH,JD-BH-06,JD-BH-06-007,Ring Box,Box,3D,"A gift box that stores your favourite pair of jhumkas and your mother's pearls, and looks like a heirloom. This exclusive ring box is a reminiscent of the medieval times and adds an antique look to your dresser. Choose the colour of your choice and make a statement. ",3 X 2,"Bone, Brass",0.30,500,
JD-BH,JD-BH-06,JD-BH-06-008,Bone Bag,Bag,3D,"A sling bag made with bone inlay work in white and bright forest green, all laid in a leafy pattern. The bag has curved sides with a dainty durable golden metal chain. Makes for a perfect gift item and accessory for any outfit. ",10 X 3,"Bone, Iron",2.00,"2,500",
JD-BH,JD-BH-06,JD-BH-06-009,Tasriya Box ,Box,3D,"From the exclusive workshops of bone artisans of Jodhpur, this functional design is a perfect combination of utility and beauty. Painted with muti-colour motifs and miniature Rajasthani art, this medieval Tasriya box is a reminder of all bitter-sweet memories, transporting you to your grandma's sweets and your mothers immaculate gems.  ",6 X 12,"Bone, Wood",3.00,"4,500",
JD-BH,JD-BH-06,JD-BH-06-010,Match Box,Box,3D,"Who thought a matchbox could look this elegant! With coloured geometric prints on the pristine white bone surface, this sizeable storage box for matchbox can be doubled up as a decorative item on your console table. From the land of royalty, this exquisite piece of function is sure to elevate any basic puja ghar. ",5 X 3,Bone,0.50,500,
JD-BH,JD-BH-06,JD-BH-06-011,Bone Camel Statue,Camel,3D,"A symbol of the royalty that Rajasthan stands for: camels, miniature paintings and glossy lacquer work. This bone work statement piece brings together all these elements together to elevate your basc home decor and up your gifting game for any festive season. ",18 X 8,"Bone, Wood",14.00,"25,000",
JD-BH,JD-BH-06,JD-BH-06-012,Opium Box,Box,3D,"A replica of an medieval opium box, makes for the perfect gifting item as a multipurpose storage box. This finely carved, simplistic looking bone over wood work piece, is a sophisticated fitting in your drawer space, or an unqiue item of display, quite literally out of the box!",5 X 5,"Bone, Wood",1.00,"1,400",
JD-BH,JD-BH-06,JD-BH-06-013,Circular Paper Weight,Paper Weight,3D,"An old worlds charm in this monochromatic circular paper weight. Framed with geometric patterns and curated using both bone and horn on wood, this piece can be a suitable gift item for all offices. ",8 X 4,"Born, Wood, Horn",1.00,"2,000",
JD-BH,JD-BH-06,JD-BH-06-014,Train,Train,3D,"Intricacy at its best display! A replica model of a train, is a custom made pure bone work by artisans of Jodhpur. For this statement piece, detailing has been done as minutely as possible. It manages to encapsulate the labour, creativity, and patience of an artist in a single piece. ",30 X 7,"Bone, Wood",8.00,"30,000",
JD-BH,JD-BH-06,JD-BH-06-015,Camel Bridge,Camel,3D,"This masterpiece brings a little slice of Rajasthan to your homes. An exclusive gift item made purely of bone, this a camel bridge in beige colour, a symbol of true craftsmanship. The arched bridge with five camel figurines, have natural blemishes of bone marking their authenticity. ",15 X 3,"Bone, Wood",2.50,"3,500",
JD-BH,JD-BH-06,JD-BH-06-020,Ambavadi Toy,Toy,3D,"A sustainable gift item, with miniature crabings handcrafted by bone artisans from Jodhpur. This statement piece can be used as a toy for your kid or doubled as a home decor piece. Also with the royal touch, this toy is a symbol of Rajasthan's regal heritage. Alongside, the intricate floral motifs remind you of your home garden. ",6 X 3,Bone,3.00,"5,000",
JD-BH,JD-BH-06,JD-BH-06-016,Coffee Table,Table,2D,"This handcrafted table is here to accompany you and your coffee for your solitude times. Produced by the craftsmen of Jodhpur, in an unique fashion of bone inlay work on wood, placed in geometric patterns, this circular coffee table can be the talk of the town in your next party. ",18 X 36,"Bone, Wood",2.50,"16,000",
JD-BH,JD-BH-06,JD-BH-06-017,One Drawer Bed Side table,Drawer,2D,"Looking for something contemporary and chic with a tinch of classic rustic? Your search ends now. This one drawer side table is here to store your night time reads, befriend your beautiful bed lamp and add that finesse to your room. Perfectly complimenting are the white and pale yellow of bone, shine of brass and browns of the wood use together in the making of this masterpiece. ",25 X 20,"Bone, Wood, Brass",14.00,"8,000",
JD-BH,JD-BH-06,JD-BH-06-018,Two Drawer Bed Side table,Drawer,2D,"A two drawer side table, that would be the perfect complimentary statement piece for your bed and to upgrade your bedroom. This geometrically engarved piece, bone on wood, gives a regal touch, along with being a pragmatic multi-storage space. ",24 X 18,"Bone, Wood",13.00,"8,500",
JD-BH,JD-BH-07,JD-BH-07-001,Circular Candle Stand ,Stand,3D,The bone inlay candle holder is modern yet keeping with centuries old traditions to create stunning textures and finished. A circular stand that is not just  functional but stylish and pure glamour. The craftsmen delicately shaped fragments of camel bone into beautiful patterns to be set into resins of different colors to create a visually stunning effect. ,4 X 4,"MoP, Wood",0.50,650,
JD-BH,JD-BH-07,JD-BH-07-002,Round MOP Box,Box,3D,"Curated using wood and mother of pearl work this small utility box is perfect to keep handy and small items. Adding a classic touch to your home and office space, the box is sustainble and is great for long-term use. ","4.5 X 4,5","MoP, Wood",0.50,650,
JD-BH,JD-BH-07,JD-BH-07-003,Cylindrical Bone Carved Box,Box,3D,"A cylindrical box made of wood and bone. Beige in colour,  the box has a checkered pattern with ridges on its surface and a matching lid. It is wider at the top and tapers towards the bottom. Can be used as a storage box as well as a decor piece.",2.5 X 2.5,"Bone, Wood",0.50,850,
JD-BH,JD-BH-07,JD-BH-07-004,Bone and Rustic Elephant stool,Stool,3D,This vintage elephant stool has been hand crafted by our artisans from Jodhpur. The bone and resin inlay work is an ancient techique. Pieces of bone have been handcarved into geometric shapes and inlaid onto the wooden frame and then a hand prepared brown resin has been added to fill in the gaps and present a striking contrast.,16 X 10.5,"Bone, Wood",2.50,"2,100",
JD-BH,JD-BH-07,JD-BH-07-005,Square Cake stand,Stand,3D,"A unique instrument, a cake stand that can be replicated as an item of home decor or for the placement of any other decor item. Made of wood and mother of pearl, the simplistic design of the product is elegant yet functional that adds to a sophistication of a space. ",12 X 12,"MoP, Wood",2.00,"2,300",
JD-BH,JD-BH-07,JD-BH-07-006,Octagonal bone Tray ,Tray,3D,"A geometrical bone tray that is inspired by the colours of blue city of Jodhpur and reflects the personality of the city it is made in. Functional and stylish, this tray can also be used as a decor item, coupled with a vase and some candles, to add to the perfect cottage core aesthetic of your room. ",14 X 14,"Bone, Wood",2.00,"2,600",
JD-BH,JD-BH-07,JD-BH-07-007,Round Bone Inlay Tray,Tray,3D,This Persian inspired round bone and resin inlay tray has been hand crafted by the artisans of Jodhpur. Hand crafted pieces of bone have been inlaid onto a wooden frame and pasted to achieve this sophisticated design.,14 X 14,"Bone, Wood",2.00,"2,600",
JD-BH,JD-BH-07,JD-BH-07-008,Rectangular Candle Stand,Stand,3D,"Love candles, but fear their dripping wax spoiling your precious surfaces? Here is a simple yet elegant solution. A bone on wood candle stand that could be put into multiple uses, makes lighting a candle safer and better aesthetic looking. ",3 X 3,"Bone, Wood",0.50,750,
JD-BH,JD-BH-07,JD-BH-07-009,Treasure Box,Box,3D,"This treasure box has been hand made by our craftsmen from Jodhpur. The geometric design has been created by hand carving pieces of bone that have been inlaid onto a wooden frame. Resin has been used to achive a striking contrast. It is a statement piece that could transport you to the royal times, of using sandooks and even prompt a treasure trove. ",6 X 6,"Bone, Wood",2.00,"1,900",
JD-BH,JD-BH-07,JD-BH-07-016,Flower Pot,Pot,3D,"This statement piece is an antique gem, with semi precious stones latched onto it for a regal look. The pure bone artefact can be used for home decor and gifting purposes sure to add elegance to any space that it shall occupy. The floral patterns resemble the pietra dura patterns of mighty Taj Mahal, and make this flower pot transport you to a royal palace. ",6 X 2.5,Bone,0.50,"4,000",
JD-BH,JD-BH-07,JD-BH-07-017,Bone and Teak Inlay Tray (8 Dimension),Tray,3D,"This regal tray is a perfect addition to your kitchen interiors. Constructed from precious teak wood veneer featuring inspiring, printed designs, our tray collection will make a unique individualistic statement. ",14 X 14,"Bone, Wood",2.00,"2,600",
JD-BH,JD-BH-07,JD-BH-07-010,Geometric shape Mirror,Mirror,2D,"Bored of rectangular and circular mirrors? Here is a unique design, curated with a unqiue product to enhance the beauty of your home. Monochromatic bone pieces inlaid on wood have been given shape and attached to mirror, to create this product. ",30 X 30,"Bone, Wood, Glass",8.00,"7,500",
JD-BH,JD-BH-07,JD-BH-07-011,Teak carving Bone Mirror,Mirror,2D,The monochromatic bone work inlaid on wood adds a unique hint of bone and horn creativity of the artisans of Jodhpur. The mirror is a symbol of fine artisanary and is sure to enhance the look of any corner of your room.,16 X 24,"Bone, Wood, Glass",5.00,"3,500",
JD-BH,JD-BH-07,JD-BH-07-012,Star design Single Drawer,Drawer,2D,"Fine geometric pattern made using bone on wood, the star shaped side table is a work of fine craftsmanship. It is functional and elegant and shall enhance any space it is used in. It can be used to elevate accent walls, as a storage facility or as a stool for vases, the stars are meant to shine! ",14 X 14,"Bone, Wood",8.00,"6,500",
JD-BH,JD-BH-07,JD-BH-07-013,Bed- SideTwo Drawer Table,Drawer,2D,"This bed side table is the perfect elevation your bedroom needs. With monochromatic geometric patterns made of coloured bone pieces on wood, this drawer table is a functional design. It has enough space to hold all your bed-time essentials and store your beautiful dreams. ",16 X 14,"Bone, Wood",9.00,"7,500",
JD-BH,JD-BH-07,JD-BH-07-014,Side Table,Table,2D,"A stool? A table? Use it either way and and it shall tell a fable. Painted with the colours of its city, Jodhpur, this side ornament is a sight to behold. For any plain wall or side console, this bone on wood work side table is a show stopper. ",15 X 13,"Bone, Wood",7.00,"7,000",
JD-BH,JD-BH-07,JD-BH-07-015,Barfi design stool,Stool,2D,"This simple looking stool is a design genius, made in congruent geometric patterns with bone work on wood. Club it with your dresser or use it to accentuate your accent wall, this is the perfect piece for your monochromatic classic design.",14 X 14,"Bone, Wood",7.00,"7,000",
JD-BH,JD-BH-07,JD-BH-07-018,Bone Mirror Side Table Stool,Stool,2D,"An octagonal wooden side table with black geometric pattern all across. The table has a natural, wooden finish in beige colour with bold black lines. It can also be used as a stool for your mirror or dressing table.",14 X 14,"Bone, Wood",9.00,"7,000",
JD-BH,JD-BH-08,JD-BH-08-004,Flower Vase ,Vase,3D,A beautiful flower vase made of wood and bone. The vase is mainly beige in colour and the neck has delicate floral pattern with a miniature Mughal style painting. The body is covered in another Mughal style painting with the great detailing given to the background and outfits.,14 X 14,"Bone, Wood",15.00,"16,000",
JD-BH,JD-BH-08,JD-BH-08-005,Wood-Bone Carved Elephant (Set of 2),Elephant,3D,A set of two carved wooden elephants with bone detailing. The figures are made of pure wood with a natural finish and have detailing done with bone. Each have a rug carved on the back with a white floral pattern. Beautiful bone inlay work on the curved surfaces.,10 X 12,"Bone, Wood",5.00,"6,500",
JD-BH,JD-BH-08,JD-BH-08-006,Square Night Lamp,Lamp,3D,"A beautiful handcrafted nightlamp made of wood and bone. It has white and royal blue bone inlay in a floral design. The shades instantly resonate to the tranquility of the sea, through its colours. With geometrically engraved patterns , this night lamp is your perfect companion for a good night's sleep. ",5 X 5,"Bone, Wood",3.00,"3,500",
JD-BH,JD-BH-08,JD-BH-08-007,Circular Antique Night Lamp,Lamp,3D,"This barrel looking unique lamp is an intricately engraved and embossed work of bone on wood. The embellishments in gold lacquer add to the shine of the product. With floral patterns and earthy colours, this lamp is a show stopper for any home decor. ",10 X 10,"Bone, Wood",5.00,"6,000",
JD-BH,JD-BH-08,JD-BH-08-008,Tasariya Box ,Box,3D,"Antique and classic, these tasariya boxes can be used for multiple puposes. A set of three various sized, round jars made purely of bone. Each one has a black and white checkered pattern. Can be used for storing jewellery or small trinkets, or simply as decorative pieces.",6 X 8,"Bone, Wood",5.00,"6,500",
JD-BH,JD-BH-08,JD-BH-08-009,Round Teak Inlay Tray Set of 2,Tray,3D,"A handcrafted round wooden tray with bone detailing. Made of teak wood, the tray has floral pattern done with bone and teak inlay. The sides have a four-leafed spade motif. The wood has a natural finish that goes well with the white bone pattern. Can be used as a trinket or jewellery tray.",14 X 14,"Bone, Wood",6.00,"6,000",
JD-BH,JD-BH-08,JD-BH-08-012,Bakur candle stand & Tray set,Tray,3D,"A unique and exclusive piece of craft, this set of tray and candle holder comes in an unsual color of brown and black, and with finely engraved intricate floral designs made with bone on wood. The set can enhance the look of your dining space and can even be a great gifting product for any festive season. ",4 X 4,"Bone, Wood",1.50,"1,000",
JD-BH,JD-BH-08,JD-BH-08-013,Tissue Box ,Box,3D,"Floral inlays and exquisite bone work make this tissue box an unique keep for any kitchen. Inspired by the miniature floral motifs of Rajasthan miniature art, the contrasting wood and bone work in brown and white make for a classic looking piece that can enhnace the your dining table's look. ",6 X 10,"Bone, Wood",1.50,"1,200",
JD-BH,JD-BH-08,JD-BH-08-015,Pencil Box,Box,3D,"A rectangular pencil case made of wood and bone, that can also be doubled as a jewellery box. The surreal colour combination of white and teal gives a radiant look to the piece. With floral motifs, the piece is further enhanced as a enchanted forest. ",12 X 3,"Bone, Wood",1.50,"1,400",
JD-BH,JD-BH-08,JD-BH-08-016,Miniature Painting small Almirah,Almirah,3D,"Get over wooden and aluminium almirahs. Here is a statement piece of bone work almirah that makes your bedroom look like a royal suite. Painted throughout with miniature folklores and motifs from Rajasthan, this piece is handcrafted in about a month to grace your homes. ",7 X 4,"Bone, Wood",3.00,"3,500",
JD-BH,JD-BH-08,JD-BH-08-017,Fountain Night Lamp,Lamp,3D,"A night lamp modelled like a fountain, the statement piece is a symbol of creativity and artistic intelligent. Made of bone and wood, the lamp is beige in colour with ridges on the surface. Use it as a home decor or gift it to a loved one, this piece is sure to make heads turn. ",6 X 6,"Bone, Wood",3.00,"3,500",
JD-BH,JD-BH-08,JD-BH-08-018,Half Round Jewellery Box,Box,3D,"Your beautiful jewels deserve a beautiful cover. This quadrangle box is a storage for your precious gems and knick knacks that get lost everytime you need them. With geometric and floral patterns, the tiny box has an antique aesthetic appeal to it that is unique on its own. ",3 X 2.5,"Bone, Wood",1.00,800,
JD-BH,JD-BH-08,JD-BH-08-019,Set of 3 Bone Vase ,Vase,3D,"A set of three vases, set on wood, purely inlaid with bone, giving it an asthetic look. The simple design is an example of fine craftsmanship and an epitome of beauty in simplicity. With colourful flower arrangements or greens, these vases are surely a statement stand-out piece in your home decor collection. ",14 X 5,"Bone, Wood",4.00,"5,500",
JD-BH,JD-BH-08,JD-BH-08-020,Bone Bowl,Tray,3D,"A perfect accessory for your dining table setting! An elevated bowl made of bone and wood with floral motifs. The bowl is perched on another, smaller inverted bowl. The outer portion of the bowl has ridges in a natural wooden finish, while the inside has an olive green background with red and mustard flower motifs. ",15 X 15,"Bone, Wood",5.00,"7,000",
JD-BH,JD-BH-08,JD-BH-08-021,Mirror Stool,Stool,3D,"A monochromatic geometeric print stool that can be a complementary addition to your sofa set! Handcrafted with wood and bone inlay work, this product is classy and elegant and can enhance any bland space. ",14 X 14,"Bone, Wood",12.00,"7,500",
JD-BH,JD-BH-08,JD-BH-08-001,Round Side Table of Two,Table,2D,"Add a modern classy touch to your home with these round side tables made with a wood and bone top. The tables have bone-inlay in a bright forest green colour with chevron and striped designs. Compliment to your signature wall or mix- match with dinning chairs, this side table set can uplift the look of any corner. ",18 X 15,"Bone, Iron, Wood",30.00,"11,500",
JD-BH,JD-BH-08,JD-BH-08-002,Mirror Frame (Small),Frame,2D,"Inspired by the colours of its city, the inlaid mirror from Jodhpur transports you to the Persian tales you read as a child. Add a sense of calm to your elegant home with this bone on wood inlaid statement piece. With a flickering reflection of yellow light and a reflection of a green potted plant, you can create your own zen space.   ",24 X 36,"Bone, Wood, Glass",10.00,"3,500",
JD-BH,JD-BH-08,JD-BH-08-003,Bone Table and Stool Set ,Table,2D,"Chic, modern and elegant. This set of table with a pair of matching stools can elevate the look of your dining space. The wooden table top has bone inlay in black and white colour in a delicate floral design, same as the stools. ",43 X 15,"Bone, Iron, Wood",35.00,"12,000",
JD-BH,JD-BH-08,JD-BH-08-010,Square Mughal Design Tray,Tray,2D,A rectangular tray made of bone with white and bright forest green details. The tray has jali work in forest green colour and the white bone has natural blemishes adding to the beauty of this piece. Can be used a decorative piece too.,12 X 14,"Bone, Wood",6.00,"5,000",
JD-BH,JD-BH-08,JD-BH-08-011,Corner cut mirror ,Mirror,2D,"This mirror makes you look just how beautiful you are! The perfect placement for your console table, the handcrafted piece is a statement in your home. Place some fresh flowers, and add mood lighting to make it the must-have arrangement for your home. ",,,,,